village_code,village_name,population_2011,households_2011,male_population_2011,female_population_2011,model_a_risk_mean,model_a_risk_median,model_a_risk_p90,model_a_risk_p95,model_a_risk_max,model_a_risk_valid_cells,population_density_proxy,population_share,priority_score,priority_rank
627296,Mananthavady,34663,8183.0,16899.0,17764.0,0.408012,0.353783,0.688156,0.751122,0.937579,59050,652.199286,0.044109,0.825785,1
627337,Kottappadi (Part),23384,5262.0,11228.0,12156.0,0.332377,0.297052,0.68545,0.749898,0.880337,58240,446.090735,0.029757,0.727312,2
627339,Muppainad,22892,5187.0,11140.0,11752.0,0.278822,0.226933,0.623241,0.729161,0.896581,63049,371.431745,0.029131,0.708538,3
627324,Padinharethara,16146,3645.0,7796.0,8350.0,0.425336,0.41795,0.734931,0.79291,0.936833,47605,374.601212,0.020546,0.694777,4
627307,Vellamunda,18069,3946.0,8888.0,9181.0,0.415503,0.351299,0.695455,0.766332,0.927848,40398,496.98606,0.022993,0.692816,5
627297,Thavinhal,17840,4209.0,8761.0,9079.0,0.436182,0.416637,0.697109,0.754969,0.926143,57832,335.438512,0.022702,0.68288,6
627299,Thondernad,11752,2652.0,5882.0,5870.0,0.505965,0.542091,0.763934,0.80193,0.923686,106719,121.119646,0.014955,0.663061,7
627306,Porunnanore,22137,4753.0,10909.0,11228.0,0.325404,0.267241,0.587562,0.64517,0.863989,30670,801.874595,0.02817,0.64321,8
627334,Pozhuthana,6406,1571.0,3099.0,3307.0,0.569959,0.587541,0.786482,0.833135,0.937052,53890,132.115715,0.008152,0.638637,9
627308,Kanjirangad,11811,2725.0,5877.0,5934.0,0.435705,0.415473,0.700232,0.763403,0.929755,38712,339.182597,0.01503,0.636603,10
627294,Thrissilery,16818,3913.0,8267.0,8551.0,0.253638,0.181672,0.619246,0.700939,0.918161,59607,305.031072,0.021401,0.636213,11
627293,Thirunelly,12878,2989.0,6306.0,6572.0,0.304431,0.258561,0.67021,0.748544,0.920372,141519,85.765808,0.016388,0.635437,12
627335,Kunnathidavaka,10309,2268.0,5029.0,5280.0,0.470663,0.467166,0.74339,0.779824,0.926554,35819,319.81077,0.013118,0.635099,13
627321,Nenmeni,31225,7507.0,15262.0,15963.0,0.137595,0.064821,0.397024,0.515779,0.859545,45919,755.726215,0.039735,0.631291,14
627298,Periya,11174,2571.0,5574.0,5600.0,0.438846,0.418258,0.693232,0.752342,0.891038,57069,178.08468,0.014219,0.623347,15
627340,Vellarimala,7548,1711.0,3692.0,3856.0,0.406213,0.429601,0.755287,0.787355,0.908816,61890,131.708479,0.009605,0.616474,16
627333,Achooranam,11998,2684.0,5753.0,6245.0,0.385318,0.318344,0.647081,0.714612,0.934805,23121,576.351829,0.015268,0.604068,17
627305,Anchukunnu,19078,4305.0,9516.0,9562.0,0.260799,0.257534,0.549556,0.614393,0.880588,34084,621.877697,0.024277,0.595191,18
627301,Edavaka,16737,3727.0,8245.0,8492.0,0.338126,0.298965,0.58467,0.642097,0.815054,28986,641.487989,0.021298,0.594323,19
627326,Kottathara ,17295,3920.0,8489.0,8806.0,0.270962,0.256254,0.563908,0.627112,0.884567,35605,540.135124,0.022008,0.588662,20
627300,Valat,10799,2477.0,5350.0,5449.0,0.395089,0.335942,0.642432,0.706198,0.87542,30008,399.76861,0.013742,0.587802,21
627302,Nalloornad,16928,3812.0,8557.0,8371.0,0.313025,0.264349,0.566976,0.620669,0.828266,22994,817.96237,0.021541,0.580976,22
627332,Thariyode,1653,385.0,797.0,856.0,0.484031,0.532498,0.755077,0.790789,0.936109,59917,30.663963,0.002103,0.567859,23
627331,Kavumannam,10106,2358.0,5027.0,5079.0,0.361692,0.312896,0.625124,0.68572,0.879938,18239,615.547206,0.01286,0.567469,24
627322,Ambalavayal,16988,4117.0,8290.0,8698.0,0.159652,0.068272,0.46709,0.597911,0.927446,20493,921.465491,0.021618,0.565565,25
627329,Muttil South,22355,5060.0,10807.0,11548.0,0.139911,0.065022,0.398467,0.52567,0.865861,31064,799.389186,0.028447,0.561446,26
627338,Thrikkaipatta (Part),8551,2063.0,4225.0,4326.0,0.226076,0.127075,0.573217,0.696303,0.878618,28096,338.108016,0.010881,0.561419,27
627336,Chundale,7996,1891.0,3786.0,4210.0,0.313732,0.265226,0.632202,0.699909,0.872969,18231,487.501732,0.010175,0.55914,28
627323,Thomattuchal,17984,4392.0,8802.0,9182.0,0.180068,0.122788,0.42701,0.546041,0.849316,40356,486.966546,0.022885,0.537876,29
627295,Payyampally,13311,3193.0,6569.0,6742.0,0.196624,0.127075,0.528571,0.5932,0.858181,27614,535.962109,0.016939,0.530444,30
627330,Vengappally,11692,2667.0,5705.0,5987.0,0.293832,0.260907,0.560101,0.611662,0.813042,23268,558.093842,0.014878,0.529355,31
627325,Kuppadithara,9761,2131.0,4764.0,4997.0,0.290182,0.260907,0.573593,0.632172,0.791233,17088,634.39557,0.012421,0.527,32
627314,Irulam,21052,5259.0,10465.0,10587.0,0.133891,0.087264,0.279169,0.412733,0.836952,59255,394.66256,0.026789,0.471113,33
627317,Sulthanbathery,23333,5515.0,11370.0,11963.0,0.111738,0.064821,0.257951,0.378684,0.84367,23011,1126.431112,0.029692,0.467021,34
627303,Cherukottur,11462,2540.0,5724.0,5738.0,0.148994,0.070254,0.342204,0.52298,0.82061,19826,642.060053,0.014586,0.465287,35
627312,Padichira,28970,7152.0,14409.0,14561.0,0.08507,0.05682,0.175323,0.276985,0.844549,44290,594.755106,0.036865,0.444618,36
627311,Pulpalli,28322,6977.0,14049.0,14273.0,0.087629,0.056862,0.179635,0.279642,0.846339,83907,360.520755,0.03604,0.440869,37
627319,Noolpuzha,14133,3299.0,6965.0,7168.0,0.124233,0.05802,0.295021,0.451057,0.863098,126884,113.569825,0.017985,0.438058,38
627327,Kaniambetta,29363,6647.0,14521.0,14842.0,0.084246,0.056862,0.180779,0.255713,0.794389,36795,886.634055,0.037365,0.433129,39
627318,Kuppadi,26662,6328.0,13165.0,13497.0,0.080148,0.05312,0.179508,0.256491,0.790266,30626,967.179613,0.033928,0.410297,40
627316,Krishnagiri,12952,3229.0,6489.0,6463.0,0.121596,0.067272,0.257155,0.419262,0.870352,31099,462.759751,0.016482,0.40558,41
627320,Cheeral,15725,3823.0,7667.0,8058.0,0.121449,0.068272,0.277283,0.381317,0.795293,29008,598.410371,0.02001,0.403018,42
627313,Kidanganad,9122,2216.0,4515.0,4607.0,0.115119,0.057217,0.277937,0.424853,0.868262,164207,52.093521,0.011608,0.376346,43
627315,Purakkadi ,21022,5102.0,10388.0,10634.0,0.092111,0.057217,0.192206,0.272558,0.795558,34286,681.09112,0.026751,0.372731,44
627309,Nadavayal ,15795,3689.0,7760.0,8035.0,0.103344,0.058102,0.225876,0.317349,0.852783,47924,366.225686,0.0201,0.358846,45
627328,Muttil North ,12382,2808.0,6090.0,6292.0,0.094246,0.057217,0.216958,0.291465,0.817155,20633,667.043465,0.015756,0.311189,46
627304,Panamaram,12683,2916.0,6219.0,6464.0,0.093841,0.057217,0.215655,0.282799,0.834954,28945,486.840113,0.016139,0.307728,47
627310,Poothadi,14578,3601.0,7196.0,7382.0,0.084021,0.057217,0.178324,0.25033,0.746885,24022,674.058143,0.018551,0.3014,48
