osm_type,osm_id,name,amenity,healthcare,facility_role,latitude,longitude
node,4834362654,PBM Hospital,hospital,,hospital,11.6570597,76.1596653
node,5273465231,Palliyal Dental,hospital,hospital,hospital,11.604897,76.0836235
node,5274879292,whites multi speciality dental clinic,clinic,clinic,clinic,11.7383439,76.0711032
node,5274891888,social health center,hospital,hospital,hospital,11.7380883,76.070615
node,5274906120,,school,,school,11.7377576,76.0730146
node,5274933955,navodaya hospital,hospital,hospital,hospital,11.7387609,76.0736781
node,5275245883,Public health subcentre,hospital,hospital,hospital,11.7425872,76.1201928
node,5275245905,Mathews Homeo clinic,clinic,clinic,clinic,11.7411555,76.1194075
node,6956345382,Leo Hospital,hospital,hospital,hospital,11.6045193,76.0853072
node,6956365498,K J Medical Trust Hospital,hospital,,hospital,11.6295388,76.088562
node,6956427934,Kripa Nursing Home,clinic,clinic,clinic,11.6150825,76.083893
node,7130228002,Family Health Centre Meppadi,hospital,hospital,hospital,11.5584994,76.130717
node,7130237358,High School Meppadi,school,,school,11.5604563,76.130612
node,7398810590,"Community Health Caenter, Meenanagadi",hospital,hospital,hospital,11.6645151,76.1678844
node,7398810597,GLPS Meenangadi,school,doctor,school,11.6630285,76.1670961
node,7484121871,Benz Driving School Test Ground,school,,school,11.5526385,76.134668
node,7484197306,Meppadi Govt.Homoeo Dispensary,clinic,clinic,clinic,11.5529974,76.1342805
node,7502483751,Govt. Homoeo Dispensary Kolery,hospital,hospital,hospital,11.7041382,76.1624716
node,7515413006,district ayurvedic hospital,hospital,hospital,hospital,11.6171614,76.0813997
node,7521373174,Bhavans Vidhya Mandir,school,,school,11.6660353,76.2372766
node,7531535068,,clinic,clinic,clinic,11.6098436,76.0824293
node,7543905624,,shelter,,shelter,11.6131703,76.0699971
node,7725963258,Gokulam Sree Multi Speciality Ayurveda Clinic,clinic,,clinic,11.651072,76.141641
node,7725963261,Swami Vivekananda Medical Mission Hospital,hospital,,hospital,11.6371651,76.1106531
node,7725963262,Homoeo Dispensary,,centre,healthcare_centre,11.6173412,76.0805354
node,7725963266,Santhigiri Ayurveda & Siddha Hospital,hospital,hospital,hospital,11.5973321,76.0791716
node,7725963273,Government Homoeo Dispensary,,centre,healthcare_centre,11.7087864,76.1894172
node,7725963274,"N.S Hospital, Chundale",hospital,hospital,hospital,11.57436,76.058407
node,7725963275,St. Martin Hospital,hospital,,hospital,11.6241764,76.2111471
node,7725963276,Elaj Ayurvedic Hospital,hospital,,hospital,11.634191,76.12005
node,7725963280,Arogya Polyclinic,clinic,,clinic,11.6623892,76.1615692
node,7725963292,Shalem Clinic,clinic,,clinic,11.6598815,76.1667806
node,7725963294,Amrita Kripa Charitable Hospital,hospital,hospital,hospital,11.6344529,76.0894587
node,7725963296,"Government Homeo Dispensary, Mandad",,centre,healthcare_centre,11.6308079,76.1288483
node,7725963297,ESI Dispensary,,centre,healthcare_centre,11.599162,76.083876
node,7725963305,Dr. Ebina's Ayurvedic Clinic,clinic,,clinic,11.7035293,76.1385977
node,7725963307,"Ayush Ayurveda Hospital, Parakkal",hospital,,hospital,11.6374188,76.1016746
node,7725963311,Mayo Hospital,hospital,hospital,hospital,11.6327792,76.0897675
node,7992731992,G H S Kakkavayal School Ground,school,,school,11.6477979,76.1442753
node,7994942163,"WMO English Acadamy Senior Secondary School, Mandad",school,,school,11.6346047,76.1173929
node,7998651921,"Dr Sithara Dileep, BHMS",clinic,clinic,clinic,11.5754096,76.1093966
node,7998684099,Gov.Veterinary Hospital,hospital,hospital,hospital,11.5533112,76.1308228
node,7999419714,Arogyakeralam Wayanad,hospital,centre,hospital,11.6350234,76.0902421
node,7999806493,Aup School Vazhavatta,school,,school,11.612664,76.1531391
node,7999939906,Glps Kallupadi,school,,school,11.6341305,76.149818
node,8000871487,Snalp School Narayanapuram,school,,school,11.7027993,76.2120297
node,8000899635,Anmup School Gokhale Nagar,school,,school,11.680928,76.1823877
node,8002063737,FWC pathiripalam,hospital,hospital,hospital,11.6667264,76.199665
node,8002197728,FWC Kallupadi,hospital,hospital,hospital,11.6331248,76.1504468
node,8002214129,"Sub Centre, Pakkam",hospital,hospital,hospital,11.6161527,76.1475642
node,8002235743,Primary Health Centre Vazhavatta,hospital,hospital,hospital,11.6213793,76.1581686
node,8002264433,Pariyaram Sub Center,hospital,hospital,hospital,11.6478902,76.1007962
node,8002283717,Health Center-Kolagappara,,centre,healthcare_centre,11.6567978,76.2149452
node,8002417949,G L P School Kalpetta,school,,school,11.6083893,76.0839043
node,8002434909,Appad Sub center,hospital,hospital,hospital,11.6935542,76.1754739
node,8002448926,choothupara sub center,hospital,hospital,hospital,11.702407,76.1615233
node,8002453948,Choothupara Sub center,hospital,hospital,hospital,11.7024098,76.1615394
node,8002598110,FW Center -Pathirippalam,,centre,healthcare_centre,11.6714656,76.2019914
node,8002648770,Cheerankunnu Sub center,hospital,hospital,hospital,11.6544507,76.1598316
node,8010607807,Cno.04 Nallannoor Anganwadi. Muppinad,school,,school,11.5550103,76.1720224
node,8012168567,Kenichira Sub Centre,hospital,hospital,hospital,11.7240632,76.1503024
node,8013356130,Sreedhar Memorial Hospital,hospital,hospital,hospital,11.5507106,76.2126408
node,8013418462,Sreedhar Memorial Medical Center,hospital,hospital,hospital,11.5504743,76.2126748
node,8018297411,SC Valavayal,hospital,hospital,hospital,11.7109561,76.1922766
node,8018297440,SC Thazhamunda,hospital,hospital,hospital,11.706229,76.1395959
node,8018349822,SC Chempakapetta,hospital,hospital,hospital,11.7166678,76.121234
node,8024080356,sc kalloorkunnu,hospital,hospital,hospital,11.7051065,76.2074948
node,8024669741,SC Valanchery,hospital,hospital,hospital,11.7318176,76.1793239
node,8024678991,SC Vakery,hospital,hospital,hospital,11.6959112,76.2211972
node,8027321857,SC Pazhupathoor,hospital,hospital,hospital,11.6775156,76.2277039
node,8659041915,"Homeo Dispensary, Madakkimala",hospital,hospital,hospital,11.6650298,76.0840482
node,8665665729,"Mother Medicare, Muttil",hospital,hospital,hospital,11.6414188,76.1104419
node,8667236481,"W.M.O Speech And Hearing School, Muttil",school,,school,11.6334041,76.1200997
node,8731336984,Government Lower Primary School Cheegavalam,school,,school,11.589178,76.2093147
node,8813483444,"Government Homeo Clinic, Kenichira",clinic,clinic,clinic,11.723905,76.1530723
node,8813590627,DR.PRASAD’S Diabetes Care and Research Center,,centre,healthcare_centre,11.7182302,76.1551241
node,8907708534,Shri Shankara Vidhya Mandhiram,school,,school,11.6389594,76.0884974
node,8998387389,Family Health Centre Vazhavatta,hospital,hospital,hospital,11.6004629,76.143777
node,9000365107,WIMS Urban Health Center Kalpetta,hospital,hospital,hospital,11.6099469,76.0824983
node,9019144828,GLPS Appad,school,,school,11.696444,76.1729759
node,9065188605,GHSS Meenangadi,school,,school,11.6642287,76.1672659
node,9065204541,GLPS CC Bhoothanam,school,,school,11.6816489,76.2029816
node,9104912146,D CARE DENTAL CLINIC,clinic,clinic,clinic,11.7397935,76.0729729
node,9927293029,St . School,school,,school,11.7383842,76.1181995
node,9927312337,Gvt lp school nelliyambam,school,,school,11.7387314,76.098739
node,10113293168,District Early Intervention Centre,hospital,hospital,hospital,11.6342526,76.0895455
node,10113293169,Medical Superintendent Office,hospital,hospital,hospital,11.6342351,76.0897041
node,10113779000,Government General Hospital,hospital,hospital,hospital,11.6035906,76.084177
node,11158894618,,drinking_water,,water_point,11.6191259,76.168648
node,11350115530,Anganavadi,school,,school,11.6222277,76.1233008
way,303894073,"Chundale petrol pump, Chundale",fuel,,fuel,,
way,380933351,DM Wayanad Institute of Medical Sciences,hospital,hospital,hospital,,
way,386991359,Fatima Mata Mission Hospital,hospital,hospital,hospital,,
way,425702971,Suthan Bathery Court Complex,courthouse,,courthouse,,
way,425703248,Rchss Ground,school,,school,,
way,425703614,"St.Judes Parish Hall, Chundale",events_venue,,events_venue,,
way,425703749,Sree Mariyamman Kshetram,place_of_worship,,place_of_worship,,
way,425747685,Town Market,marketplace,,marketplace,,
way,425747947,Mosque,place_of_worship,,place_of_worship,,
way,425748367,Juma Masjid Kambalakkad,place_of_worship,,place_of_worship,,
way,425748993,Government Upper Primary School Kambalakkad,school,,school,,
way,425749883,"GHS, Anappara",school,,school,,
way,425750583,GHSS Anapara school,school,,school,,
way,545675199,Juma masjid,place_of_worship,,place_of_worship,,
way,545700966,Sree Malsyavathara Vishnu Temple,place_of_worship,,place_of_worship,,
way,545842495,St Thomas Higher Secondary School Nadavayal,school,,school,,
way,545842500,St Thomas Lower Primary School Nadavayal,school,,school,,
way,545842501,Holycross Forane Church,place_of_worship,,place_of_worship,,
way,545842502,Parish House,place_of_worship,,place_of_worship,,
way,546104367,Lalith Mahal Auditorium,community_centre,,community_facility,,
way,717089262,St. Mary’s Orthodox Church,place_of_worship,,place_of_worship,,
way,736680808,Saint Thomas Church Arinchermala,place_of_worship,,place_of_worship,,
way,736681152,Saint Thomas Convent,,counselling,counselling,,
way,737777884,Nivedhitha Vidhya Nikethan Upper Primary school,school,,school,,
way,737777885,Government Higher Secondary School Kaniyambetta,school,,school,,
way,737781343,Pongini paradevatha bhadhrakali temple,place_of_worship,,place_of_worship,,
way,737789315,Government Polytechnic College Meenangadi,school,,school,,
way,748325339,Service Cooperative Bank,bank,,bank,,
way,762770930,"Gvhss Ambalavayal High School, Kerala",school,,school,,
way,763028769,,place_of_worship,,place_of_worship,,
way,763029796,Communinty Health Centre Meppadi,hospital,hospital,hospital,,
way,797523964,Sree Narayana Higher Secondary School Poothadi,school,,school,,
way,797573177,Koleri Temple,place_of_worship,,place_of_worship,,
way,797593748,Government Higher Secondary School Koleri,school,,school,,
way,797813739,Government High School Athiratukunnu,school,,school,,
way,797825353,Uma-Maheswara MahaVishnu Temple,place_of_worship,,place_of_worship,,
way,797857219,Government High School Beenachi,school,,school,,
way,798230807,St. Sebastian's Syro Malabar Church,place_of_worship,,place_of_worship,,
way,798233466,Cheengodu Church,place_of_worship,,place_of_worship,,
way,798236240,St Anns Hospital,,hospital,hospital,,
way,798266962,St.Sebastian's Church,place_of_worship,,place_of_worship,,
way,798869716,"W.O Higher Secondary School, Muttil",school,,school,,
way,799059625,Kattikettikal Centre Poomala,community_centre,,community_facility,,
way,799059626,Holy Cross Church - LC,place_of_worship,,place_of_worship,,
way,799281118,Community Health Centre Panamaram,hospital,hospital,hospital,,
way,799282620,"Community Health Centre, Meppady",hospital,hospital,hospital,,
way,799294053,"Main Center, PHC  Vazhavatta",hospital,hospital,hospital,,
way,799300017,Mariyamman Kovil,place_of_worship,,place_of_worship,,
way,799300978,Primary Health Centre Varadoor,hospital,hospital,hospital,,
way,799306961,Family Health Center Chethalayam,,yes,yes,,
way,802807529,Shree Ganesh Agencies,theatre,,theatre,,
way,802807533,Government Lower Primary School Meenangadi,school,,school,,
way,802807563,,place_of_worship,,place_of_worship,,
way,802821233,Purakkadi Temple,place_of_worship,,place_of_worship,,
way,802821251,St.Peter'S And St.Paul'S English Medium School,school,,school,,
way,802821253,,cafe,,cafe,,
way,802848035,Sndp Lkg And Ukg School,childcare,,childcare,,
way,802848048,Government Lower Primary School Appad,school,,school,,
way,802848107,Manikavu Siva Temple,place_of_worship,,place_of_worship,,
way,802880212,,place_of_worship,,place_of_worship,,
way,802939388,,school,,school,,
way,802939393,,place_of_worship,,place_of_worship,,
way,802984763,,place_of_worship,,place_of_worship,,
way,802991186,GHSS Kakkavayal,school,,school,,
way,802991738,,place_of_worship,,place_of_worship,,
way,803021807,Anganwadi,childcare,,childcare,,
way,803091924,gramapanchayath community hall,community_centre,,community_facility,,
way,803307122,Vijaya Bank Kakkavayal,bank,,bank,,
way,803343632,"Government High School, Kakkavayal",school,,school,,
way,803402058,Kalpetta Juma Masjid (Valiya Palli),place_of_worship,,place_of_worship,,
way,803419022,,shelter,,shelter,,
way,803428249,Government Vocational Higher secondary School Kalpetta,school,,school,,
way,803587469,"Fire and Rescue Station, Kalpetta",fire_station,,fire_station,,
way,803752861,SKMJ Ground,school,,school,,
way,803752862,S D M Lower Primary School Kalpetta,school,,school,,
way,803752863,School Ground,school,,school,,
way,803752864,,place_of_worship,,place_of_worship,,
way,803754168,"St. Joseph's Convent School, Kalpetta",school,,school,,
way,804081704,,place_of_worship,,place_of_worship,,
way,804086142,DM WIMS,hospital,hospital,hospital,,
way,804086144,DM WIMS,hospital,hospital,hospital,,
way,804121247,Beenachi government school,school,,school,,
way,804180240,hml hospital,hospital,hospital,hospital,,
way,804180242,St Joseph's church,place_of_worship,,place_of_worship,,
way,804253659,,place_of_worship,,place_of_worship,,
way,804290869,Chandragiri Auditorium,conference_centre,,conference_centre,,
way,804390018,Immaculate Heart of Mary Church,place_of_worship,,place_of_worship,,
way,804534753,Kuzhivayal Post Office,post_office,,post_office,,
way,804788668,,place_of_worship,,place_of_worship,,
way,804788671,,place_of_worship,,place_of_worship,,
way,805982296,"Veterinary Hospital, Panamaram",veterinary,,veterinary,,
way,806793876,"Community Hall, Theneri",community_centre,,community_facility,,
way,809972891,Ananthaveera,cinema,,cinema,,
way,827554969,"Government Homeo Dispensary, Mandad",,yes,yes,,
way,827554972,"Ayush Ayurveda Hospital, Parakkal",hospital,hospital,hospital,,
way,827554999,Santhigiri Ayurveda & Siddha Hospital,hospital,hospital,hospital,,
way,839428998,"ST. Thomas Marthoma School, Chundale",school,,school,,
way,839464050,De Paul Church,place_of_worship,,place_of_worship,,
way,839464171,Bank of India,bank,,bank,,
way,839465088,"Kendriya Vidyalaya, Kalpetta",school,,school,,
way,839468865,"HIM Upper Primary School, Kalpetta",school,,school,,
way,839473130,"Azar Lower Primary School, Pulpara",school,,school,,
way,839475628,"Government Upper Primary School, Cottanad",school,,school,,
way,839481204,"Government Upper Primary School, Erumakkoly",school,,school,,
way,839606610,Alternate Jaihind Colony - I,school,,school,,
way,839607214,"S Lakshmi V Nikethan,Thrikkaippetta",school,,school,,
way,839714418,"Government High School, Thrikkaipatta",school,,school,,
way,839721712,AUPS Vazhavatta,school,,school,,
way,839722614,"St Sebastian's Lower Primary School, Vazhavatta",school,,school,,
way,839723354,"Government High School, Nellarchal",school,,school,,
way,839737572,"Government Lower Primary School, Puttad",school,,school,,
way,839742128,"Government Lower Primary School, Kadalmad",school,,school,,
way,839743560,"Alternate School, Kambalakolly",school,,school,,
way,839749156,"Auxilium School, Vaduvanchal",school,,school,,
way,839750809,"Government High School, Vaduvanchal",school,,school,,
way,839751194,Sree Chinmaya Vidhya Mandiram,school,,school,,
way,839753319,"Alternate School, Pambala",school,,school,,
way,839754370,"Government Lower Primary School, Andoor",school,,school,,
way,839755912,Isma Crescent Public School,school,,school,,
way,839757081,Sree Vyasa Vidya Mandiram,school,,school,,
way,839858295,"Govrnment Lower Primary School, Malika",school,,school,,
way,839859786,"Government Lower Primary School, Ambukuthy",school,,school,,
way,839881923,"St. Joseph's Upper Primary School, Meppadi",school,,school,,
way,839882452,"St.Joseph Girls High School, Meppadi",school,,school,,
way,839882734,"Mount Tabor English School, Meppadi",school,,school,,
way,839884005,"WMO English Medium School, Meppadi",school,,school,,
way,839911667,"Government Higher Secondary School, Meppadi",school,,school,,
way,839912278,"Government Lower Primary Scool, Meppadi",school,,school,,
way,840086367,Ideal English School Bathery,school,,school,,
way,840088014,Government Lower Primary School Poomala,school,,school,,
way,840093764,St Rossello's Central School,school,,school,,
way,840095656,St.Rosello's School For S And H Poomala,school,,school,,
way,841583658,Government Lower Primary School Edakkal,school,,school,,
way,841588781,Government Lower Primary school Cheengeri,school,,school,,
way,841591440,Government Upper Primary School Kolagappara,school,,school,,
way,841603234,A N M Upper primary School Gokalenagar,school,,school,,
way,841604264,Mor Basil English School Cheengeri,school,,school,,
way,841606172,St.Mary's A Upper Primary School Cheengeri,school,,school,,
way,841609187,"Ann's English Medium School, Meenangadi",school,,school,,
way,841678477,Government Higher Secondary School Meenangadi,school,,school,,
way,841684932,"Government Lower Primary School, Kallupadi",school,,school,,
way,841799576,"Government Lower Primary School, Mandad",school,,school,,
way,841800555,"Government Lower Primary School, Kariampadi",school,,school,,
way,841802094,St.Mary's English Medium School Chomady,school,,school,,
way,841803544,"Government Higher Secondary School, Panamkandy",school,,school,,
way,841807210,"W.M.O English Academy Senior Secondary School, Muttil",school,,school,,
way,841809172,W M O English Academy Muttil,school,,school,,
way,841951353,Brains Public School Muttil,school,,school,,
way,841958853,"W O Upper Primary School, Muttil",school,,school,,
way,841960865,W. O School For The Blind And Deaf Muttil,school,,school,,
way,841961720,Government Lower Primary School Edapetty,school,,school,,
way,841963052,"Government High School, Pariyaram",school,,school,,
way,841970459,Ansariya Public School,school,,school,,
way,842948269,R C Upper Primary School Pallikunnu,school,,school,,
way,842949885,St Thomas Lower Primary School Arinchermala,school,,school,,
way,842950738,Government Lower Primary School Palukunnu,school,,school,,
way,842952332,Apple Day Oriental School,school,,school,,
way,842953060,Government Upper Primary School Kaniyambetta,school,,school,,
way,842960059,St Marys Public School Panamaram,school,,school,,
way,842965226,Government Higher Secondary School Panamaram,school,,school,,
way,842970454,Government Lower Primary School Panamaram,school,,school,,
way,842975143,Peripatatic Tr School Pariyaram,school,,school,,
way,842982213,Government Lower Primary School Cheekkalloor,school,,school,,
way,842984109,Government Lower Primary School Nelliyambam,school,,school,,
way,843567798,Government Upper Primary School Poothadi,school,,school,,
way,843570454,A Upper Primary School Arimula,school,,school,,
way,843571244,N A A Upper School Manikavu,school,,school,,
way,843573426,S A Lower Primary School Gokhale Nagar,school,,school,,
way,843745041,K V A Upper Primary School Koleri,school,,school,,
way,843775772,A Lower Primary School Marianad Pambra,school,,school,,
way,843782495,Christ English Medium School Irulam,school,,school,,
way,843799169,S N Balavihar Irulam,school,,school,,
way,843800793,Crescent Public School Vakery,school,,school,,
way,843802867,Government Vocational Higher Secondary School Vakery,school,,school,,
way,843805452,S N A Lower Primary School Narayanpuram,school,,school,,
way,843807265,Government High School Chenad,school,,school,,
way,845758100,Madakkimala Service cooperative bank,bank,,bank,,
way,847932776,Union Bank of India,bank,,bank,,
way,847934318,Mayo,bar,,bar,,
way,847937143,,place_of_worship,,place_of_worship,,
way,847941068,Canara Bank,bank,,bank,,
way,847943236,Lucky,restaurant,,restaurant,,
way,847944005,Thoufeeque,restaurant,,restaurant,,
way,847944719,,place_of_worship,,place_of_worship,,
way,847945365,Smile Dental clinic,dentist,dentist,dentist,,
way,847950146,Thriveni,cinema,,cinema,,
way,847952380,Wayanad District Co-operative Bank,bank,,bank,,
way,847969512,State Bank of India,bank,,bank,,
way,848410699,,fast_food,,fast_food,,
way,848433361,"Canteen, CHC Meenangadi",restaurant,,restaurant,,
way,848435251,Purnayoo Arogya Nikethanam,,hospital,hospital,,
way,857075127,Court,courthouse,,courthouse,,
way,857772211,"Government Lower Primary School, Madakkimala",school,,school,,
way,858051516,"Police Station ,Ambalavayal",police,,police,,
way,858054200,Family Health Centre Ambalavayal,hospital,hospital,hospital,,
way,858377096,Kuodothummal Anganavadi,childcare,,childcare,,
way,858378349,"Edathil Anganavadi , Cheekkalloor",childcare,,childcare,,
way,858378980,Pachilakkad Second Anganavadi,childcare,,childcare,,
way,858381978,Kolipoetta Anganavadi,childcare,,childcare,,
way,858388911,KALARIKUNNU ANGANWADI,childcare,,childcare,,
way,858390150,Edakkombam Anganvady,childcare,,childcare,,
way,858391363,Anganwadi,childcare,,childcare,,
way,858393681,"Sub Centre, Kallupadi",hospital,hospital,hospital,,
way,858402810,Pralikunnu Anganwadi,childcare,,childcare,,
way,858403357,കാക്കവയല്‍ സ്ക്കൂള്‍ ഗ്രൗണ്ട്,school,,school,,
way,858415886,G L P SCHOOL KALPETTA OFFICE,school,,school,,
way,858415887,G L P SCHOOL KALPETTA AUDITORIUM,school,,school,,
way,858415888,GLP SCHOOL KALPETTA BUILDINGS,school,,school,,
way,858415889,G L P SCHOOL KALPETTA,school,,school,,
way,859558129,Kenichira Sub Centre,hospital,hospital,hospital,,
way,860287183,"Chelode Anganwadi, Chelode",childcare,,childcare,,
way,860325239,sc valavayal,hospital,hospital,hospital,,
way,860329423,SC Chempakapetta,hospital,hospital,hospital,,
way,860331857,,hospital,hospital,hospital,,
way,860934054,SC Kaloorkunnu,hospital,hospital,hospital,,
way,860993726,SC Vakery,hospital,hospital,hospital,,
way,860996205,SC  Valanchery,hospital,hospital,hospital,,
way,861293104,,hospital,hospital,hospital,,
way,861294471,,hospital,hospital,hospital,,
way,868236317,Primary Helth Center,,clinic,clinic,,
way,890156940,Varadoor Aided UP School,school,,school,,
way,890156945,Ananthanatha Swami Jain Temple,place_of_worship,,place_of_worship,,
way,891015971,Kaniyambetta Temple,place_of_worship,,place_of_worship,,
way,891019047,Millumukku Hayathul Islam Secondary Madrassa and ALBiRR Islamic Pre School,school,,school,,
way,891020661,Shree Lakshmi Narasimha Swamy Temple,place_of_worship,,place_of_worship,,
way,892183846,Dharshana Library,library,,library,,
way,895450775,"Government Vetenary Hospital, Varadoor",veterinary,,veterinary,,
way,905019578,Arrapetta juma masjid,place_of_worship,,place_of_worship,,
way,905133115,Meppadi Convention center,conference_centre,,conference_centre,,
way,905451349,Meppadi mosque,place_of_worship,,place_of_worship,,
way,905452585,Malabar Hotel and tourist home,restaurant,,restaurant,,
way,921778764,Malakkad Sree Mahadeva Temple,place_of_worship,,place_of_worship,,
way,933786989,Community Health Center,hospital,hospital,hospital,,
way,933790893,Police Station,police,,police,,
way,934288509,"Anganavadi, Srambippadi",childcare,,childcare,,
way,934312333,"St Thomas Church, Olivumala",place_of_worship,,place_of_worship,,
way,934315029,"St. Thomas Church Parish Hall, Olivumala",events_venue,,events_venue,,
way,934316104,"Swami Vivekananda Medical Mission Hospital, Ambukuthi",hospital,hospital,hospital,,
way,934369188,"Jeevan Jyothi Care Home, Edapetty",social_facility,,social_facility,,
way,934389240,"Government Ayurvedic Hospital, Kumbalad",hospital,hospital,hospital,,
way,934407017,"Sub Centre, kumbalad",hospital,hospital,hospital,,
way,934412068,"Anganavadi, Kariyambadi",childcare,,childcare,,
way,934414248,"Sub Centre, Panangandi",hospital,hospital,hospital,,
way,934416972,"Anganavadi, Chelanjichal",childcare,,childcare,,
way,934419495,"Sub Centre, Pariyaram",hospital,hospital,hospital,,
way,934531804,"Kristu Raja School Ground, Vellarmkunnu",school,,school,,
way,934951506,Kumbalad Anganavadi,childcare,,childcare,,
way,934960782,"Navodaya Library And Arts And Sports Club, Malakkad",library,,library,,
way,934962715,"Anganavadi, Mandad",childcare,,childcare,,
way,934976010,"ICDP Sub Centre, Mandad",veterinary,,veterinary,,
way,934977425,"Anganavadi, Mandad",childcare,,childcare,,
way,934979299,"Anganavadi, Kallupadi",childcare,,childcare,,
way,934994070,"ICDP Sub Centre, Kolavayal",veterinary,,veterinary,,
way,935008195,"Anganavady, Thondupali",childcare,,childcare,,
way,935012672,"St George Lower Primary School, Kolavayal",school,,school,,
way,935066725,"Grace Library, Vazhavatta",library,,library,,
way,935069623,"Anganavadi, Aduvadi",childcare,,childcare,,
way,935084671,"Citizens Library, Theneri",library,,library,,
way,935094724,"Anganavadi, Thottamkolli",childcare,,childcare,,
way,935102279,"Youngmens Club And Library, Kolavayal",library,,library,,
way,935103537,"Anganavadi, Manikkuni",childcare,,childcare,,
way,935104706,"Anganavadi, Aalamdhatta",childcare,,childcare,,
way,935105561,"Anganavadi, Muranikkara",childcare,,childcare,,
way,935110231,"Pre-Primary School, Kallupadi",school,,school,,
way,935112106,"Mahatma Library And Arts And Sports Club, Kallupadi",library,,library,,
way,935273365,"Sadhbhavana Library, Panangandi",library,,library,,
way,935448555,Bistro Resaturant,restaurant,,restaurant,,
way,935448673,"W.O High School, Muttil",school,,school,,
way,935505606,"Anganavadi, Pakkam",childcare,,childcare,,
way,935507107,"Venus Library, Pakkam",library,,library,,
way,935520887,"Sub Centre, Pakkam",,yes,yes,,
way,935528572,"Jyothi Nivas Charitable Society, Psycho Social Rehabilitation centre, Vazhavatta",,rehabilitation,rehabilitation,,
way,935530574,"Anganavadi, Karingannikunn",childcare,,childcare,,
way,935686052,"Anganavadi, Ambukuthi",childcare,,childcare,,
way,935686870,"Veterinary Sub Centre, Ambukuthi",veterinary,,veterinary,,
way,935687619,"Sub Centre, Ambukuthi",,yes,yes,,
way,935691086,"Government Lower Primary School, Edapetty",school,,school,,
way,937060171,"Primary Health Center, Vazhavatta",hospital,hospital,hospital,,
way,939336774,Government Lower Primary School Cheegavalam,school,,school,,
way,940034322,ST Library Kottamkolly,library,,library,,
way,950150012,Dr. Ajith's Homeo Dispensary,,yes,yes,,
way,950165421,Kenichira Juma Masjid,place_of_worship,,place_of_worship,,
way,952076151,Hill Top Auditorium,events_venue,,events_venue,,
way,952102711,"Infant Jesus School, Kenichira",school,,school,,
way,952104319,"Family Health Center, Poothadi",hospital,hospital,hospital,,
way,952215215,The Wayanad District Co-operative Bank,bank,,bank,,
way,952217918,"Governent Veterinary Hospital , Kenichira",veterinary,,veterinary,,
way,952219723,"Police Station, Kenichira",police,,police,,
way,952219886,"Coperative Bank, Poothadi Service",bank,,bank,,
way,952222875,,shelter,,shelter,,
way,952225449,Vrindhavan Auditorium,events_venue,,events_venue,,
way,952226014,ESAF Small Finance Bank,bank,,bank,,
way,952226561,"Sree Durga Paradhevatha Kshethram, Panappadikavala",place_of_worship,,place_of_worship,,
way,952229225,Gurumandhiram,place_of_worship,,place_of_worship,,
way,958363383,St.George Malankara Church,place_of_worship,,place_of_worship,,
way,958364020,kuppakkolly mosque,place_of_worship,,place_of_worship,,
way,958366551,"St.George Orthdox Church ,Ayiramkolly",place_of_worship,,place_of_worship,,
way,958370204,Sacred Heart Church Ambalavayal,place_of_worship,,place_of_worship,,
way,958373329,"St. Martin De Pores Church, Ambalavayal",place_of_worship,,place_of_worship,,
way,958445642,"anganvadi,balavadikkavala",childcare,,childcare,,
way,958567374,Sree Mariyamman Temple,place_of_worship,,place_of_worship,,
way,958569428,Kallupadi Sree Subhramanya Temple,place_of_worship,,place_of_worship,,
way,959148252,"Kappamkunnu Anganavady,  Kunjamkode",childcare,,childcare,,
way,959162949,"Chundale Anganavady, Chundale",childcare,,childcare,,
way,959170659,"Olivumala Anganavadi, Olivumala",childcare,,childcare,,
way,960676513,NSS Higher Secondary School,school,,school,,
way,963191231,"S A Lower Primary School,Kottathara",school,,school,,
way,963197755,"Government Vocational Higher Secondary School, Karimkutty",school,,school,,
way,963343492,"Post Office , Karinkutty",post_office,,post_office,,
way,963941293,"Sub Center , Karinkutty",hospital,hospital,hospital,,
way,964008193,"Sahridhaya , Pallikkunnu",library,,library,,
way,968459273,Pallikkunnu,childcare,,childcare,,
way,968498763,Kappukolly Scheduled Tribe Community Center,community_centre,,community_facility,,
way,969593374,"Anganavadi ,Thettuvadi",childcare,,childcare,,
way,974199988,Rest House Anganwadi,childcare,,childcare,,
way,974207693,Karadippara Anganwadi,childcare,,childcare,,
way,974359283,Mankombu Anganwadi,childcare,,childcare,,
way,974374361,Padiparambu Anganwadi,childcare,,childcare,,
way,974593023,St.Peter'S And St.Paul'S English Medium Higher Secondary School,school,,school,,
way,974594703,Government veterinary Hospital Meenangadi,veterinary,,veterinary,,
way,976212231,,childcare,,childcare,,
way,976212232,Mundanadappu,childcare,,childcare,,
way,976216731,,conference_centre,,conference_centre,,
way,976572060,Veettipura Anganwady,childcare,,childcare,,
way,976574135,Palakkamoola Anganvadi,childcare,,childcare,,
way,979199293,Meenangadi Anganwadi,childcare,,childcare,,
way,979199294,"Government Ayurveda Dispensary,  Meenangadi",,alternative,alternative,,
way,979207302,Kolambetta Anganwadi,childcare,,childcare,,
way,979551970,Thachambath Anganawadi,childcare,,childcare,,
way,979577919,Valiya Kolly Anganwadi,childcare,,childcare,,
way,979748664,Kottoor sudhikavala Anganwadi,childcare,,childcare,,
way,979939894,Government Higher Secondary School Meenangadi,school,,school,,
way,979941917,GLPS CC Bhoothanam,school,,school,,
way,979949928,CC Moonnanakkuzhi Anganwadi,childcare,,childcare,,
way,979977874,Mothirottukunnu Anganwadi,childcare,,childcare,,
way,980405115,The Sultan Bathery Co Operative Urban Bank,bank,,bank,,
way,980405116,Federal Bank Meenangadi,bank,,bank,,
way,980405117,South Indian Bank Meenangadi,bank,,bank,,
way,981181318,Poomala Paradevatha Temple,place_of_worship,,place_of_worship,,
way,981183023,Wayanad Royal Grand,restaurant,,restaurant,,
way,981189155,Saint sebastian's Convent,place_of_worship,,place_of_worship,,
way,982240822,Community Health Centre Panamaram,hospital,hospital,hospital,,
way,982383952,Kappumkolly Padanamuri,library,,library,,
way,982865794,Aneri Community Center,community_centre,,community_facility,,
way,982865795,Aneri First,childcare,,childcare,,
way,984426516,Kerala Gramin Bank,bank,,bank,,
way,984426517,,place_of_worship,,place_of_worship,,
way,984426520,OLD MOSQUE PANAMARAM,place_of_worship,,place_of_worship,,
way,984426525,VADACHAL MOSQUE,place_of_worship,,place_of_worship,,
way,984426528,,place_of_worship,,place_of_worship,,
way,984426529,Padre Pio Church,place_of_worship,,place_of_worship,,
way,984833994,JAMATH MOSQUE,place_of_worship,,place_of_worship,,
way,984849835,,post_office,,post_office,,
way,991910023,Crescent Public High School,school,,school,,
way,991911852,,toilets,,toilets,,
way,995471174,"Government Ayurveda Dispensary, Poothadi",,alternative,alternative,,
way,995495766,"Government Ayurveda Dispensary, Kaniyambetta",,alternative,alternative,,
way,995800480,"Sub Center, Chundakkara",hospital,hospital,hospital,,
way,995812041,"Government Ayurveda Mobile Dispensary, Meppadi",,alternative,alternative,,
way,995817803,"Government Ayurveda Dispensary, Ambalavayal",,alternative,alternative,,
way,1005960095,"Anganavadi, Chazhivayal",childcare,,childcare,,
way,1006263011,"Anganavadi, Chullimoola",childcare,,childcare,,
way,1015166845,Unni Mathu Samsarika Nilayam,community_centre,,community_facility,,
way,1017363174,Mukkilpeedika Anganavadi,childcare,,childcare,,
way,1039057194,Mariyamman Kovil,place_of_worship,,place_of_worship,,
way,1039062021,Pachilakkad,place_of_worship,,place_of_worship,,
way,1062846776,Government Ayurveda Dispensary Muttil,,alternative,alternative,,
way,1062852646,Government Ayurveda Dispensary Moopainadu,,alternative,alternative,,
way,1066656080,"Police Station ,Kambalakkad",police,,police,,
way,1067883146,"Police Station, Kalpetta",police,,police,,
way,1079001516,Arivaram Anganavadi,childcare,,childcare,,
way,1079001517,Thamarakolly Anganavadi,childcare,,childcare,,
way,1079001520,Pulikkalkunnu Anganavadi,childcare,,childcare,,
way,1080270966,Ambalachal Angunvadi,childcare,,childcare,,
way,1080270967,Mandakkamoola Anganavadi,childcare,,childcare,,
way,1080270968,Millumukk Anganavadi,childcare,,childcare,,
way,1080270969,Ambalakunnu Anganavadi,childcare,,childcare,,
way,1080327769,Onivayal Anganvady,childcare,,childcare,,
way,1080327770,Pulachikkuni Anganwadi,childcare,,childcare,,
way,1080463555,Homeo Dispensary Pallimukku,hospital,hospital,hospital,,
way,1083002649,"Government Vetenary dispensary,pallikunnu",veterinary,,veterinary,,
way,1083002654,Chundakkara Community Center,community_centre,,community_facility,,
way,1083002655,Ambalakkunnu,childcare,,childcare,,
way,1083002659,Chundakkara,childcare,,childcare,,
way,1083002660,"Bhavana Library ,Vellachimoola",library,,library,,
way,1083002666,Kanal Pradhesham Anganavadi,childcare,,childcare,,
way,1083002667,Cinemallkunnu Anganavadi,childcare,,childcare,,
way,1083002668,,toilets,,toilets,,
way,1083002670,"Crime Branch CID Office, kambalakkad",police,,police,,
way,1083280487,Neru Nadakavedhi,community_centre,,community_facility,,
way,1083280493,Pulikkalkunnu,childcare,,childcare,,
way,1083280501,Paralikkunnu,childcare,,childcare,,
way,1083280502,Thervadikunnu anganvdadi,childcare,,childcare,,
way,1083550599,"Subcenter,Pallimukku",hospital,hospital,hospital,,
way,1083785947,Chitramoola,childcare,,childcare,,
way,1083785951,"Government Model Girls Residential School, Kaniyambetta",school,,school,,
way,1083785954,"St.George English Medium School,Varadoor",school,,school,,
way,1083785959,Kollivayal,childcare,,childcare,,
way,1083785968,"Pazhassiraja Library, Kolippeta",library,,library,,
way,1083812942,Moolavayal Anganavadi,childcare,,childcare,,
way,1084062613,"Navajeevan Library, Varadhoor",library,,library,,
way,1084062614,Varadhoor Community Center,community_centre,,community_facility,,
way,1084062616,"Family Health Center, Varadhoor",hospital,hospital,hospital,,
way,1084062620,Thazhekarani Anganvadi,childcare,,childcare,,
way,1085004804,Padaarikkunn,childcare,,childcare,,
way,1085004809,Janatha Library,library,,library,,
way,1085335076,Arimula 01 Community Center,community_centre,,community_facility,,
way,1085335077,Arimula 02 Community Center,community_centre,,community_facility,,
way,1085335078,Arimula Vetenary Subcenter,veterinary,,veterinary,,
way,1085335079,"Subcenter,Arimula",hospital,hospital,hospital,,
way,1085335080,Chundakkolly,childcare,,childcare,,
way,1085335086,"Government Eye hospital, kariyambadi",hospital,hospital,hospital,,
way,1085335088,Puthoor Community Center,community_centre,,community_facility,,
way,1085335089,"Pulari Library,Arimula",library,,library,,
way,1085335092,"Vetenary Subcenter, Karani",veterinary,,veterinary,,
way,1085335093,Kalluvayal,childcare,,childcare,,
way,1085335094,Chomadi,childcare,,childcare,,
way,1085358311,Kavumuttam Community Center,community_centre,,community_facility,,
way,1085527356,Pachilakkad First Anganawadi,childcare,,childcare,,
way,1085527357,Vazhayil kunjabdulla haji memorial,community_centre,,community_facility,,
way,1085548107,"Subcentre, Koodothummal",hospital,hospital,hospital,,
way,1085548121,Kavadam First,childcare,,childcare,,
way,1085548122,Mathoor,childcare,,childcare,,
way,1085548123,Nelliyambam,childcare,,childcare,,
way,1085548127,Kavadam Second,childcare,,childcare,,
way,1085548129,KJS Auditorium,conference_centre,,conference_centre,,
way,1085548133,Vetenary Sub Centre,veterinary,,veterinary,,
way,1085552516,Sneha palliative care,hospital,hospital,hospital,,
way,1085767213,District Ayurveda Hospital Kalpetta,,alternative,alternative,,
way,1097620007,Community Health Centre Panamaram,hospital,,hospital,,
way,1097620008,Community Health Centre Panamaram,hospital,hospital,hospital,,
way,1097620009,Community Health Centre Panamaram,hospital,hospital,hospital,,
way,1097620010,Community Health Centre Panamaram,hospital,,hospital,,
way,1097620798,Community Health Centre Panamaram,hospital,,hospital,,
way,1105134786,Krishna Gowder Hall,events_venue,,events_venue,,
way,1105153573,District Veterinary Centre,veterinary,,veterinary,,
way,1107452304,Nandan kavala samskarika nilayam,library,,library,,
way,1107453092,,toilets,,toilets,,
way,1107453845,Ambalavayal Public Library,library,,library,,
way,1107456360,"AKG Memorial Library, Kumbaleri",library,,library,,
way,1107456843,Anganwadi,childcare,,childcare,,
way,1107626455,,toilets,,toilets,,
way,1107636669,Kulakappaara Library,library,,library,,
way,1107637216,PAMBALA library,library,,library,,
way,1107637568,National Arts & Sports Club Library,library,,library,,
way,1107638017,Perumbadikunnu Public Library,library,,library,,
way,1184388847,Lourde Matha Church,place_of_worship,,place_of_worship,,
way,1184404753,St. Joseph's Church,place_of_worship,,place_of_worship,,
way,1184413195,Thungadi Mahavishnu Temple,place_of_worship,,place_of_worship,,
way,1203966299,Meppadi Post Office,post_office,,post_office,,
way,1204153144,Mocha,cafe,,cafe,,
way,1243323775,,place_of_worship,,place_of_worship,,
way,1267469585,,shelter,,shelter,,
way,1267469586,,shelter,,shelter,,
way,1267501295,Toddy Shop,pub,,pub,,
way,1267501297,,shelter,,shelter,,
way,1267507322,,shelter,,shelter,,
way,1267511020,Cherukunnu Temple,place_of_worship,,place_of_worship,,
way,1267513773,,shelter,,shelter,,
way,1267514263,St. Mary's Church,place_of_worship,,place_of_worship,,
way,1267514265,,shelter,,shelter,,
way,1267515434,St. George Church,place_of_worship,,place_of_worship,,
way,1267516588,,shelter,,shelter,,
way,1315251396,kottanchira kariyathan kavu,place_of_worship,,place_of_worship,,
way,1347522914,,toilets,,toilets,,
way,1347522916,,shelter,,shelter,,
way,1347522917,,shelter,,shelter,,
way,1347522918,,shelter,,shelter,,
way,1347587318,,shelter,,shelter,,
way,1347591431,,shelter,,shelter,,
way,1347601562,,shelter,,shelter,,
way,1347601563,,shelter,,shelter,,
way,1347601567,,shelter,,shelter,,
way,1347601568,,shelter,,shelter,,
way,1347601569,,shelter,,shelter,,
way,1347601571,,shelter,,shelter,,
way,1347601572,,shelter,,shelter,,
way,1347601573,,shelter,,shelter,,
way,1347601574,,shelter,,shelter,,
way,1347601575,,shelter,,shelter,,
way,1347601576,,shelter,,shelter,,
way,1347602538,,shelter,,shelter,,
way,1347799339,,toilets,,toilets,,
way,1349607469,,shelter,,shelter,,
way,1349607470,,shelter,,shelter,,
way,1350695727,,shelter,,shelter,,
way,1350697032,,shelter,,shelter,,
way,1350699124,,shelter,,shelter,,
way,1350928638,,shelter,,shelter,,
way,1350970408,,shelter,,shelter,,
way,1350970425,,shelter,,shelter,,
way,1352544975,,shelter,,shelter,,
way,1352544976,,shelter,,shelter,,
way,1352544978,,shelter,,shelter,,
way,1352544979,,shelter,,shelter,,
way,1352544982,,shelter,,shelter,,
way,1352572227,,shelter,,shelter,,
way,1352572228,,shelter,,shelter,,
way,1352572229,,shelter,,shelter,,
way,1352572231,,shelter,,shelter,,
way,1352572233,,shelter,,shelter,,
way,1352572234,,shelter,,shelter,,
way,1352616293,,shelter,,shelter,,
way,1352616294,,shelter,,shelter,,
way,1352616307,,shelter,,shelter,,
way,1352616308,,shelter,,shelter,,
way,1352616309,,shelter,,shelter,,
way,1352616310,,shelter,,shelter,,
way,1352616312,,shelter,,shelter,,
way,1352616313,,shelter,,shelter,,
way,1352616315,,shelter,,shelter,,
way,1352616316,,shelter,,shelter,,
way,1352616317,,shelter,,shelter,,
way,1352616318,,shelter,,shelter,,
way,1352616319,,shelter,,shelter,,
way,1352616320,,shelter,,shelter,,
way,1352632484,,shelter,,shelter,,
way,1352632485,,shelter,,shelter,,
way,1352632486,,shelter,,shelter,,
way,1352632487,,shelter,,shelter,,
way,1352632488,,shelter,,shelter,,
way,1352632492,,shelter,,shelter,,
way,1352632493,,shelter,,shelter,,
way,1352632494,,shelter,,shelter,,
way,1352632495,,shelter,,shelter,,
way,1352632496,,shelter,,shelter,,
way,1352632497,,shelter,,shelter,,
way,1352632501,,shelter,,shelter,,
way,1352692793,,shelter,,shelter,,
way,1352692795,,shelter,,shelter,,
way,1352692796,,shelter,,shelter,,
way,1352692801,,shelter,,shelter,,
way,1352692802,,shelter,,shelter,,
way,1352692803,,shelter,,shelter,,
way,1352692804,,shelter,,shelter,,
way,1352692806,,shelter,,shelter,,
way,1352692807,,shelter,,shelter,,
way,1352692808,,shelter,,shelter,,
way,1352692809,,shelter,,shelter,,
way,1352692810,,shelter,,shelter,,
way,1352692811,,shelter,,shelter,,
way,1352692814,,shelter,,shelter,,
way,1352692815,,shelter,,shelter,,
way,1352692816,,shelter,,shelter,,
way,1352692817,,shelter,,shelter,,
way,1352716392,,shelter,,shelter,,
way,1352716397,,shelter,,shelter,,
way,1352716399,,shelter,,shelter,,
way,1352716403,,shelter,,shelter,,
way,1352716405,,shelter,,shelter,,
way,1352716411,,shelter,,shelter,,
way,1352716412,,shelter,,shelter,,
way,1352716413,,shelter,,shelter,,
way,1352716415,,shelter,,shelter,,
way,1352716417,,shelter,,shelter,,
way,1352716419,,shelter,,shelter,,
way,1352931319,,shelter,,shelter,,
way,1352931322,,shelter,,shelter,,
way,1352931323,,shelter,,shelter,,
way,1352931324,,shelter,,shelter,,
way,1352931326,,shelter,,shelter,,
way,1352931327,,place_of_worship,,place_of_worship,,
way,1352931328,,shelter,,shelter,,
way,1352931329,Kannambadi Chamundeshwari Temple,place_of_worship,,place_of_worship,,
way,1352931331,,shelter,,shelter,,
way,1352931332,,shelter,,shelter,,
way,1352931333,,shelter,,shelter,,
way,1352931336,,shelter,,shelter,,
way,1352931341,,shelter,,shelter,,
way,1352931342,,shelter,,shelter,,
way,1352931346,,shelter,,shelter,,
way,1352931347,,shelter,,shelter,,
way,1352931351,,shelter,,shelter,,
way,1352948902,,shelter,,shelter,,
way,1352948903,,shelter,,shelter,,
way,1352948906,,shelter,,shelter,,
way,1352948908,,shelter,,shelter,,
way,1352948909,,shelter,,shelter,,
way,1352948910,,shelter,,shelter,,
way,1352948911,,shelter,,shelter,,
way,1352948912,,shelter,,shelter,,
way,1352948913,,shelter,,shelter,,
way,1352948914,,shelter,,shelter,,
way,1352948915,,shelter,,shelter,,
way,1352948916,,shelter,,shelter,,
way,1352948917,,shelter,,shelter,,
way,1352948918,,shelter,,shelter,,
way,1352948920,,shelter,,shelter,,
way,1352948921,,shelter,,shelter,,
way,1352948922,,shelter,,shelter,,
way,1352948925,,shelter,,shelter,,
way,1352948926,,shelter,,shelter,,
way,1352948928,,shelter,,shelter,,
way,1352965153,,shelter,,shelter,,
way,1352965154,,shelter,,shelter,,
way,1352965155,,shelter,,shelter,,
way,1352965156,,shelter,,shelter,,
way,1352975924,,shelter,,shelter,,
way,1352975925,,shelter,,shelter,,
way,1352975927,,shelter,,shelter,,
way,1352975928,,shelter,,shelter,,
way,1352980296,,shelter,,shelter,,
way,1353168834,,shelter,,shelter,,
way,1353168837,,shelter,,shelter,,
way,1353172032,,shelter,,shelter,,
way,1353172033,,shelter,,shelter,,
way,1353330214,Lourde Matha HSS Ground,school,,school,,
way,1353420385,,shelter,,shelter,,
way,1353420386,,shelter,,shelter,,
way,1353429367,,shelter,,shelter,,
way,1353429369,,shelter,,shelter,,
way,1353429370,,shelter,,shelter,,
way,1353429375,,shelter,,shelter,,
way,1353429379,,shelter,,shelter,,
way,1353429380,,shelter,,shelter,,
way,1353429382,,shelter,,shelter,,
way,1353429383,,shelter,,shelter,,
way,1353433916,,shelter,,shelter,,
way,1353433917,,shelter,,shelter,,
way,1353433918,,shelter,,shelter,,
way,1353433919,,shelter,,shelter,,
way,1353433920,,shelter,,shelter,,
way,1353433921,,shelter,,shelter,,
way,1353433922,,shelter,,shelter,,
way,1353433923,,shelter,,shelter,,
way,1353446047,,shelter,,shelter,,
way,1353446048,,shelter,,shelter,,
way,1353446049,,shelter,,shelter,,
way,1353446050,,shelter,,shelter,,
way,1353446051,,shelter,,shelter,,
way,1353446052,,shelter,,shelter,,
way,1353446053,,shelter,,shelter,,
way,1353446054,,place_of_worship,,place_of_worship,,
way,1353446055,,shelter,,shelter,,
way,1353446056,,shelter,,shelter,,
way,1353446057,Udaya,library,,library,,
way,1353446058,,post_office,,post_office,,
way,1353446064,,shelter,,shelter,,
way,1353446065,,shelter,,shelter,,
way,1353700117,,shelter,,shelter,,
way,1353710362,,shelter,,shelter,,
way,1353710363,,shelter,,shelter,,
way,1353714316,,shelter,,shelter,,
way,1353714317,,shelter,,shelter,,
way,1353714322,,shelter,,shelter,,
way,1353716804,,shelter,,shelter,,
way,1353716809,,shelter,,shelter,,
way,1353720021,,shelter,,shelter,,
way,1353720023,,shelter,,shelter,,
way,1353720024,,shelter,,shelter,,
way,1353723723,,shelter,,shelter,,
way,1353723724,,shelter,,shelter,,
way,1353732885,,shelter,,shelter,,
way,1372450479,,shelter,,shelter,,
way,1372586429,Aaneri Mahavishnu Temple,place_of_worship,,place_of_worship,,
way,1396018656,,shelter,,shelter,,
way,1396018657,,shelter,,shelter,,
way,1396022984,,shelter,,shelter,,
way,1396025040,,shelter,,shelter,,
way,1402718837,,shelter,,shelter,,
way,1402718838,,shelter,,shelter,,
way,1410398555,,shelter,,shelter,,
way,1410398558,Cheengavallam Juma Masjid,place_of_worship,,place_of_worship,,
way,1410413638,,shelter,,shelter,,
